id,name,danceability,energy,key,loudness,mode,speechiness,acousticness,instrumentalness,liveness,valence,tempo,type,uri,track_href,analysis_url,duration_ms,time_signature,popularity
0nLiqZ6A27jJri2VCalIUs,Nothing Else Matters,0.553,0.362,4,-11.218,0,0.0263,0.0458,6.01e-06,0.075,0.158,142.352,audio_features,spotify:track:0nLiqZ6A27jJri2VCalIUs,https://api.spotify.com/v1/tracks/0nLiqZ6A27jJri2VCalIUs,https://api.spotify.com/v1/audio-analysis/0nLiqZ6A27jJri2VCalIUs,388267,3,78
1Cj2vqUwlJVG27gJrun92y,The Sound of Silence,0.322,0.28,6,-9.367,0,0.0281,0.468,1.1e-06,0.102,0.175,85.794,audio_features,spotify:track:1Cj2vqUwlJVG27gJrun92y,https://api.spotify.com/v1/tracks/1Cj2vqUwlJVG27gJrun92y,https://api.spotify.com/v1/audio-analysis/1Cj2vqUwlJVG27gJrun92y,248467,4,73
0NByfOtKge32j77jYtU1az,Hallelujah,0.13,0.505,1,-6.258,0,0.0313,0.00256,0.0,0.0926,0.0611,181.546,audio_features,spotify:track:0NByfOtKge32j77jYtU1az,https://api.spotify.com/v1/tracks/0NByfOtKge32j77jYtU1az,https://api.spotify.com/v1/audio-analysis/0NByfOtKge32j77jYtU1az,256947,3,0
6b2oQwSGFkzsMtQruIWm2p,Creep,0.515,0.43,7,-9.935,1,0.0369,0.0102,0.000141,0.129,0.104,91.841,audio_features,spotify:track:6b2oQwSGFkzsMtQruIWm2p,https://api.spotify.com/v1/tracks/6b2oQwSGFkzsMtQruIWm2p,https://api.spotify.com/v1/audio-analysis/6b2oQwSGFkzsMtQruIWm2p,238640,4,24
0v1XpBHnsbkCn7iJ9Ucr1l,It's My Life,0.551,0.914,0,-4.063,0,0.0465,0.0263,1.35e-05,0.347,0.543,119.994,audio_features,spotify:track:0v1XpBHnsbkCn7iJ9Ucr1l,https://api.spotify.com/v1/tracks/0v1XpBHnsbkCn7iJ9Ucr1l,https://api.spotify.com/v1/audio-analysis/0v1XpBHnsbkCn7iJ9Ucr1l,224493,4,79
3D0bXrSv7O73vOaGOG8J9c,Sweet Dreams (Are Made Of This),0.222,0.664,0,-5.242,0,0.0379,0.0039,0.65,0.239,0.101,186.044,audio_features,spotify:track:3D0bXrSv7O73vOaGOG8J9c,https://api.spotify.com/v1/tracks/3D0bXrSv7O73vOaGOG8J9c,https://api.spotify.com/v1/audio-analysis/3D0bXrSv7O73vOaGOG8J9c,293293,4,59
2WmbbiWfFEKsSZe6E5GeVe,The Phantom Of The Opera,0.431,0.829,5,-7.713,0,0.0491,7.33e-06,0.03,0.086,0.356,131.891,audio_features,spotify:track:2WmbbiWfFEKsSZe6E5GeVe,https://api.spotify.com/v1/tracks/2WmbbiWfFEKsSZe6E5GeVe,https://api.spotify.com/v1/audio-analysis/2WmbbiWfFEKsSZe6E5GeVe,248707,4,1
60a0Rd6pjrkxjPbaKzXjfq,In the End,0.556,0.864,3,-5.87,0,0.0584,0.00958,0.0,0.209,0.4,105.143,audio_features,spotify:track:60a0Rd6pjrkxjPbaKzXjfq,https://api.spotify.com/v1/tracks/60a0Rd6pjrkxjPbaKzXjfq,https://api.spotify.com/v1/audio-analysis/60a0Rd6pjrkxjPbaKzXjfq,216880,4,87
4VqPOruhp5EdPBeR92t6lQ,Uprising,0.602,0.905,2,-4.046,1,0.0775,0.000202,0.064,0.117,0.411,128.019,audio_features,spotify:track:4VqPOruhp5EdPBeR92t6lQ,https://api.spotify.com/v1/tracks/4VqPOruhp5EdPBeR92t6lQ,https://api.spotify.com/v1/audio-analysis/4VqPOruhp5EdPBeR92t6lQ,304840,4,74
4pt5fDVTg5GhEvEtlz9dKk,I WANNA BE YOUR SLAVE,0.75,0.608,1,-4.008,1,0.0387,0.00165,0.0,0.178,0.958,132.507,audio_features,spotify:track:4pt5fDVTg5GhEvEtlz9dKk,https://api.spotify.com/v1/tracks/4pt5fDVTg5GhEvEtlz9dKk,https://api.spotify.com/v1/audio-analysis/4pt5fDVTg5GhEvEtlz9dKk,173347,4,81
3Wrjm47oTz2sjIgck11l5e,Beggin',0.714,0.8,11,-4.808,0,0.0504,0.127,0.0,0.359,0.589,134.002,audio_features,spotify:track:3Wrjm47oTz2sjIgck11l5e,https://api.spotify.com/v1/tracks/3Wrjm47oTz2sjIgck11l5e,https://api.spotify.com/v1/audio-analysis/3Wrjm47oTz2sjIgck11l5e,211560,4,82
0COqiPhxzoWICwFCS4eZcp,Bring Me To Life,0.331,0.943,4,-3.188,0,0.0698,0.00721,2.06e-06,0.242,0.296,94.612,audio_features,spotify:track:0COqiPhxzoWICwFCS4eZcp,https://api.spotify.com/v1/tracks/0COqiPhxzoWICwFCS4eZcp,https://api.spotify.com/v1/audio-analysis/0COqiPhxzoWICwFCS4eZcp,235893,4,83
1hwJKpe0BPUsq6UUrwBWTw,Boulevard of Broken Dreams,0.49,0.679,8,-3.68,1,0.0309,0.00394,1.54e-05,0.0383,0.506,167.046,audio_features,spotify:track:1hwJKpe0BPUsq6UUrwBWTw,https://api.spotify.com/v1/tracks/1hwJKpe0BPUsq6UUrwBWTw,https://api.spotify.com/v1/audio-analysis/1hwJKpe0BPUsq6UUrwBWTw,261267,4,76
1fr92Vupmcs2vgLMFVQ7rd,In the Shadows,0.6,0.796,2,-4.481,1,0.0275,0.000109,5.2e-05,0.484,0.75,105.991,audio_features,spotify:track:1fr92Vupmcs2vgLMFVQ7rd,https://api.spotify.com/v1/tracks/1fr92Vupmcs2vgLMFVQ7rd,https://api.spotify.com/v1/audio-analysis/1fr92Vupmcs2vgLMFVQ7rd,257920,4,70
0zXHdFLJlSrj1d6dRcoUua,Livin' in a World Without You,0.591,0.883,4,-5.051,0,0.0416,0.0066,0.0,0.467,0.429,100.972,audio_features,spotify:track:0zXHdFLJlSrj1d6dRcoUua,https://api.spotify.com/v1/tracks/0zXHdFLJlSrj1d6dRcoUua,https://api.spotify.com/v1/audio-analysis/0zXHdFLJlSrj1d6dRcoUua,230213,4,52
5wQnmLuC1W7ATsArWACrgW,Welcome to the Black Parade,0.217,0.905,2,-4.103,1,0.0752,0.000289,0.00011,0.222,0.236,96.95,audio_features,spotify:track:5wQnmLuC1W7ATsArWACrgW,https://api.spotify.com/v1/tracks/5wQnmLuC1W7ATsArWACrgW,https://api.spotify.com/v1/audio-analysis/5wQnmLuC1W7ATsArWACrgW,311107,4,76
7jn8hXDNA8PiP6ohsidANR,Total Eclipse of the Heart,0.54,0.921,8,-4.401,1,0.0549,0.102,2.81e-06,0.142,0.303,130.038,audio_features,spotify:track:7jn8hXDNA8PiP6ohsidANR,https://api.spotify.com/v1/tracks/7jn8hXDNA8PiP6ohsidANR,https://api.spotify.com/v1/audio-analysis/7jn8hXDNA8PiP6ohsidANR,265173,4,42
15znHkteSpb84tgFCKy31P,Paparazzi,0.552,0.917,10,-5.848,1,0.126,0.0105,0.0,0.0797,0.194,114.902,audio_features,spotify:track:15znHkteSpb84tgFCKy31P,https://api.spotify.com/v1/tracks/15znHkteSpb84tgFCKy31P,https://api.spotify.com/v1/audio-analysis/15znHkteSpb84tgFCKy31P,250427,4,37
5rLi8B8qgk6qThwRnKHW2P,The Ballad of Mona Lisa,0.436,0.893,9,-4.18,0,0.0556,0.000362,0.0,0.103,0.0794,124.113,audio_features,spotify:track:5rLi8B8qgk6qThwRnKHW2P,https://api.spotify.com/v1/tracks/5rLi8B8qgk6qThwRnKHW2P,https://api.spotify.com/v1/audio-analysis/5rLi8B8qgk6qThwRnKHW2P,226680,4,66
5z6xHjCZr7a7AIcy8sPBKy,Smooth Criminal,0.653,0.964,9,-4.26,0,0.0578,0.00316,0.0051,0.144,0.872,126.928,audio_features,spotify:track:5z6xHjCZr7a7AIcy8sPBKy,https://api.spotify.com/v1/tracks/5z6xHjCZr7a7AIcy8sPBKy,https://api.spotify.com/v1/audio-analysis/5z6xHjCZr7a7AIcy8sPBKy,209267,4,73
3ZffCQKLFLUvYM59XKLbVm,Wake Me up When September Ends,0.546,0.814,7,-5.146,1,0.0314,0.023,0.0,0.0972,0.146,104.98,audio_features,spotify:track:3ZffCQKLFLUvYM59XKLbVm,https://api.spotify.com/v1/tracks/3ZffCQKLFLUvYM59XKLbVm,https://api.spotify.com/v1/audio-analysis/3ZffCQKLFLUvYM59XKLbVm,285653,4,77
5UHNEyr0StokdWPuxEUjHq,Because the Night,0.485,0.821,7,-6.579,1,0.0464,5.88e-05,0.0,0.0817,0.214,118.328,audio_features,spotify:track:5UHNEyr0StokdWPuxEUjHq,https://api.spotify.com/v1/tracks/5UHNEyr0StokdWPuxEUjHq,https://api.spotify.com/v1/audio-analysis/5UHNEyr0StokdWPuxEUjHq,208000,4,47
4qO03RMQm88DdpTJcxlglY,Call Me,0.56,0.824,2,-6.711,0,0.0348,0.000785,0.00246,0.0892,0.74,142.667,audio_features,spotify:track:4qO03RMQm88DdpTJcxlglY,https://api.spotify.com/v1/tracks/4qO03RMQm88DdpTJcxlglY,https://api.spotify.com/v1/audio-analysis/4qO03RMQm88DdpTJcxlglY,212600,4,73
0gmbgwZ8iqyMPmXefof8Yf,How You Remind Me,0.446,0.764,10,-5.042,1,0.033,0.00135,0.0,0.099,0.543,172.094,audio_features,spotify:track:0gmbgwZ8iqyMPmXefof8Yf,https://api.spotify.com/v1/tracks/0gmbgwZ8iqyMPmXefof8Yf,https://api.spotify.com/v1/audio-analysis/0gmbgwZ8iqyMPmXefof8Yf,223840,4,83
07q0QVgO56EorrSGHC48y3,I Was Made For Lovin' You,0.768,0.852,4,-6.215,1,0.038,0.214,7.36e-05,0.0723,0.867,128.373,audio_features,spotify:track:07q0QVgO56EorrSGHC48y3,https://api.spotify.com/v1/tracks/07q0QVgO56EorrSGHC48y3,https://api.spotify.com/v1/audio-analysis/07q0QVgO56EorrSGHC48y3,271240,4,81
6sy3LkhNFjJWlaeSMNwQ62,Counting Stars,0.663,0.706,1,-4.972,0,0.0383,0.0654,0.0,0.115,0.474,122.013,audio_features,spotify:track:6sy3LkhNFjJWlaeSMNwQ62,https://api.spotify.com/v1/tracks/6sy3LkhNFjJWlaeSMNwQ62,https://api.spotify.com/v1/audio-analysis/6sy3LkhNFjJWlaeSMNwQ62,257840,4,71
5BJSZocnCeSNeYMj3iVqM7,Love Runs Out,0.719,0.935,7,-3.752,1,0.0589,0.167,0.0,0.0974,0.737,120.022,audio_features,spotify:track:5BJSZocnCeSNeYMj3iVqM7,https://api.spotify.com/v1/tracks/5BJSZocnCeSNeYMj3iVqM7,https://api.spotify.com/v1/audio-analysis/5BJSZocnCeSNeYMj3iVqM7,224227,4,60
1KRpJeeB2JEG6AW6Uri3QX,Bohemian Rhapsody,0.456,0.385,0,-10.451,0,0.0462,0.27,0.0,0.277,0.206,70.843,audio_features,spotify:track:1KRpJeeB2JEG6AW6Uri3QX,https://api.spotify.com/v1/tracks/1KRpJeeB2JEG6AW6Uri3QX,https://api.spotify.com/v1/audio-analysis/1KRpJeeB2JEG6AW6Uri3QX,354347,4,0
5A1FmxbYVRZKy4nc16MAue,Sex on Fire,0.542,0.905,9,-5.653,1,0.054,0.00172,0.0104,0.136,0.374,153.398,audio_features,spotify:track:5A1FmxbYVRZKy4nc16MAue,https://api.spotify.com/v1/tracks/5A1FmxbYVRZKy4nc16MAue,https://api.spotify.com/v1/audio-analysis/5A1FmxbYVRZKy4nc16MAue,203347,4,68
6b2oQwSGFkzsMtQruIWm2p,Creep,0.515,0.43,7,-9.935,1,0.0369,0.0102,0.000141,0.129,0.104,91.841,audio_features,spotify:track:6b2oQwSGFkzsMtQruIWm2p,https://api.spotify.com/v1/tracks/6b2oQwSGFkzsMtQruIWm2p,https://api.spotify.com/v1/audio-analysis/6b2oQwSGFkzsMtQruIWm2p,238640,4,24
5dB00dkUFlruwbxVmdOPSE,Dancing On My Own,0.686,0.172,1,-8.722,1,0.0329,0.839,1.81e-05,0.0793,0.197,112.655,audio_features,spotify:track:5dB00dkUFlruwbxVmdOPSE,https://api.spotify.com/v1/tracks/5dB00dkUFlruwbxVmdOPSE,https://api.spotify.com/v1/audio-analysis/5dB00dkUFlruwbxVmdOPSE,260004,4,0
6HG90PA8gZZedbq8B863ad,Born to Be Free,0.316,0.875,4,-4.774,0,0.0607,0.000332,1.76e-05,0.184,0.115,148.916,audio_features,spotify:track:6HG90PA8gZZedbq8B863ad,https://api.spotify.com/v1/tracks/6HG90PA8gZZedbq8B863ad,https://api.spotify.com/v1/audio-analysis/6HG90PA8gZZedbq8B863ad,332848,4,0
3JLlBS48HQDBa8s3caLIGk,Living on A Prayer (Bon Jovi),0.575,0.697,4,-6.65,0,0.0336,0.000242,1.71e-05,0.169,0.692,124.51,audio_features,spotify:track:3JLlBS48HQDBa8s3caLIGk,https://api.spotify.com/v1/tracks/3JLlBS48HQDBa8s3caLIGk,https://api.spotify.com/v1/audio-analysis/3JLlBS48HQDBa8s3caLIGk,225267,4,0
225xvV8r1yKMHErSWivnow,"I Don't Want to Miss a Thing - From ""Armageddon"" Soundtrack",0.383,0.662,2,-5.162,1,0.0333,0.165,0.0,0.248,0.138,121.154,audio_features,spotify:track:225xvV8r1yKMHErSWivnow,https://api.spotify.com/v1/tracks/225xvV8r1yKMHErSWivnow,https://api.spotify.com/v1/audio-analysis/225xvV8r1yKMHErSWivnow,298760,4,71
7HB7Wj26nYVo8CquzM7yX3,Want You Back,0.603,0.868,0,-4.91,1,0.0445,0.00649,1.01e-06,0.193,0.602,98.054,audio_features,spotify:track:7HB7Wj26nYVo8CquzM7yX3,https://api.spotify.com/v1/tracks/7HB7Wj26nYVo8CquzM7yX3,https://api.spotify.com/v1/audio-analysis/7HB7Wj26nYVo8CquzM7yX3,173073,4,35
4Ub8UsjWuewQrPhuepfVpd,Pompeii,0.679,0.715,9,-6.383,1,0.0407,0.0755,0.0,0.271,0.571,127.435,audio_features,spotify:track:4Ub8UsjWuewQrPhuepfVpd,https://api.spotify.com/v1/tracks/4Ub8UsjWuewQrPhuepfVpd,https://api.spotify.com/v1/audio-analysis/4Ub8UsjWuewQrPhuepfVpd,214148,4,71
6zDs6zI94L761vd0cVScTT,I'm Born To Run,0.62,0.93,8,-5.615,1,0.0486,0.0662,0.0,0.0788,0.675,126.041,audio_features,spotify:track:6zDs6zI94L761vd0cVScTT,https://api.spotify.com/v1/tracks/6zDs6zI94L761vd0cVScTT,https://api.spotify.com/v1/audio-analysis/6zDs6zI94L761vd0cVScTT,206920,4,59
5MxNLUsfh7uzROypsoO5qe,Dream On,0.307,0.433,1,-10.057,1,0.029,0.388,9.08e-05,0.332,0.224,160.9,audio_features,spotify:track:5MxNLUsfh7uzROypsoO5qe,https://api.spotify.com/v1/tracks/5MxNLUsfh7uzROypsoO5qe,https://api.spotify.com/v1/audio-analysis/5MxNLUsfh7uzROypsoO5qe,266960,4,10
5BtD86hovw9uud7JkQID1H,Jade,0.414,0.895,7,-3.666,0,0.054,0.0144,6.45e-05,0.231,0.227,157.915,audio_features,spotify:track:5BtD86hovw9uud7JkQID1H,https://api.spotify.com/v1/tracks/5BtD86hovw9uud7JkQID1H,https://api.spotify.com/v1/audio-analysis/5BtD86hovw9uud7JkQID1H,379391,4,39
7HGTkn2aX7MNdKs7nV2xBt,Somebody Told Me,0.509,0.987,10,-3.198,0,0.0886,8.05e-05,0.000928,0.119,0.647,138.039,audio_features,spotify:track:7HGTkn2aX7MNdKs7nV2xBt,https://api.spotify.com/v1/tracks/7HGTkn2aX7MNdKs7nV2xBt,https://api.spotify.com/v1/audio-analysis/7HGTkn2aX7MNdKs7nV2xBt,197160,4,2
6FT9FZccFD6nE8dMNslz2n,Walk On Water,0.495,0.787,8,-6.89,1,0.0368,9.16e-05,0.0,0.167,0.388,140.003,audio_features,spotify:track:6FT9FZccFD6nE8dMNslz2n,https://api.spotify.com/v1/tracks/6FT9FZccFD6nE8dMNslz2n,https://api.spotify.com/v1/audio-analysis/6FT9FZccFD6nE8dMNslz2n,185467,4,59
5cbpoIu3YjoOwbBDGUEp3P,Car Radio,0.766,0.519,9,-7.355,0,0.0366,0.098,0.0,0.0855,0.612,129.972,audio_features,spotify:track:5cbpoIu3YjoOwbBDGUEp3P,https://api.spotify.com/v1/tracks/5cbpoIu3YjoOwbBDGUEp3P,https://api.spotify.com/v1/audio-analysis/5cbpoIu3YjoOwbBDGUEp3P,267720,4,68
69Sy7207dnixZ6w7RSV9Kb,RISE,0.459,0.663,8,-5.939,0,0.1,0.0169,0.0,0.0621,0.412,176.791,audio_features,spotify:track:69Sy7207dnixZ6w7RSV9Kb,https://api.spotify.com/v1/tracks/69Sy7207dnixZ6w7RSV9Kb,https://api.spotify.com/v1/audio-analysis/69Sy7207dnixZ6w7RSV9Kb,192881,4,69
74irxdVWstNlEQjsvArITq,Crazy,0.37,0.866,6,-3.879,0,0.0384,0.0868,0.0,0.137,0.427,162.086,audio_features,spotify:track:74irxdVWstNlEQjsvArITq,https://api.spotify.com/v1/tracks/74irxdVWstNlEQjsvArITq,https://api.spotify.com/v1/audio-analysis/74irxdVWstNlEQjsvArITq,316693,3,4
4pbJqGIASGPr0ZpGpnWkDn,We Will Rock You - Remastered 2011,0.692,0.497,2,-7.316,1,0.119,0.676,0.0,0.259,0.475,81.308,audio_features,spotify:track:4pbJqGIASGPr0ZpGpnWkDn,https://api.spotify.com/v1/tracks/4pbJqGIASGPr0ZpGpnWkDn,https://api.spotify.com/v1/audio-analysis/4pbJqGIASGPr0ZpGpnWkDn,122067,4,78
3YRCqOhFifThpSRFJ1VWFM,November Rain,0.294,0.64,11,-9.316,1,0.0291,0.016,0.22,0.112,0.226,79.79,audio_features,spotify:track:3YRCqOhFifThpSRFJ1VWFM,https://api.spotify.com/v1/tracks/3YRCqOhFifThpSRFJ1VWFM,https://api.spotify.com/v1/audio-analysis/3YRCqOhFifThpSRFJ1VWFM,536067,4,77
2zYzyRzz6pRmhPzyfMEC8s,Highway to Hell,0.574,0.913,6,-4.793,0,0.133,0.061,0.00158,0.156,0.423,115.728,audio_features,spotify:track:2zYzyRzz6pRmhPzyfMEC8s,https://api.spotify.com/v1/tracks/2zYzyRzz6pRmhPzyfMEC8s,https://api.spotify.com/v1/audio-analysis/2zYzyRzz6pRmhPzyfMEC8s,208400,4,84
5vdp5UmvTsnMEMESIF2Ym7,Another One Bites The Dust - Remastered 2011,0.933,0.528,5,-6.472,0,0.161,0.112,0.312,0.163,0.754,109.967,audio_features,spotify:track:5vdp5UmvTsnMEMESIF2Ym7,https://api.spotify.com/v1/tracks/5vdp5UmvTsnMEMESIF2Ym7,https://api.spotify.com/v1/audio-analysis/5vdp5UmvTsnMEMESIF2Ym7,214653,4,81
0v1XpBHnsbkCn7iJ9Ucr1l,It's My Life,0.551,0.914,0,-4.063,0,0.0465,0.0263,1.35e-05,0.347,0.543,119.994,audio_features,spotify:track:0v1XpBHnsbkCn7iJ9Ucr1l,https://api.spotify.com/v1/tracks/0v1XpBHnsbkCn7iJ9Ucr1l,https://api.spotify.com/v1/audio-analysis/0v1XpBHnsbkCn7iJ9Ucr1l,224493,4,79
57bgtoPSgt236HzfBOd8kj,Thunderstruck,0.502,0.89,4,-5.175,1,0.0364,0.000147,0.0117,0.217,0.259,133.52,audio_features,spotify:track:57bgtoPSgt236HzfBOd8kj,https://api.spotify.com/v1/tracks/57bgtoPSgt236HzfBOd8kj,https://api.spotify.com/v1/audio-analysis/57bgtoPSgt236HzfBOd8kj,292880,4,83
6KTv0Z8BmVqM7DPxbGzpVC,Rock And Roll All Nite,0.654,0.929,1,-5.906,1,0.0998,0.0474,0.0,0.0538,0.902,144.769,audio_features,spotify:track:6KTv0Z8BmVqM7DPxbGzpVC,https://api.spotify.com/v1/tracks/6KTv0Z8BmVqM7DPxbGzpVC,https://api.spotify.com/v1/audio-analysis/6KTv0Z8BmVqM7DPxbGzpVC,168840,4,72
1JSTJqkT5qHq8MDJnJbRE1,Every Breath You Take,0.82,0.452,1,-9.796,1,0.0348,0.543,0.00294,0.0714,0.74,117.401,audio_features,spotify:track:1JSTJqkT5qHq8MDJnJbRE1,https://api.spotify.com/v1/tracks/1JSTJqkT5qHq8MDJnJbRE1,https://api.spotify.com/v1/audio-analysis/1JSTJqkT5qHq8MDJnJbRE1,253920,4,86
2fuCquhmrzHpu5xcA1ci9x,Under Pressure - Remastered 2011,0.671,0.712,2,-7.815,1,0.0476,0.429,0.0,0.103,0.462,113.805,audio_features,spotify:track:2fuCquhmrzHpu5xcA1ci9x,https://api.spotify.com/v1/tracks/2fuCquhmrzHpu5xcA1ci9x,https://api.spotify.com/v1/audio-analysis/2fuCquhmrzHpu5xcA1ci9x,248440,4,79
40riOy7x9W7GXjyGp4pjAv,Hotel California - 2013 Remaster,0.579,0.508,2,-9.484,1,0.027,0.00574,0.000494,0.0575,0.609,147.125,audio_features,spotify:track:40riOy7x9W7GXjyGp4pjAv,https://api.spotify.com/v1/tracks/40riOy7x9W7GXjyGp4pjAv,https://api.spotify.com/v1/audio-analysis/40riOy7x9W7GXjyGp4pjAv,391376,4,81
0bVtevEgtDIeRjCJbK3Lmv,Welcome To The Jungle,0.447,0.954,8,-8.069,1,0.0751,0.0235,0.403,0.298,0.331,123.453,audio_features,spotify:track:0bVtevEgtDIeRjCJbK3Lmv,https://api.spotify.com/v1/tracks/0bVtevEgtDIeRjCJbK3Lmv,https://api.spotify.com/v1/audio-analysis/0bVtevEgtDIeRjCJbK3Lmv,272027,4,31
7wMq5n8mYSKlQIGECKUgTX,Hall of Fame (feat. will.i.am),0.421,0.873,10,-4.343,1,0.0564,0.0654,0.0,0.123,0.629,84.786,audio_features,spotify:track:7wMq5n8mYSKlQIGECKUgTX,https://api.spotify.com/v1/tracks/7wMq5n8mYSKlQIGECKUgTX,https://api.spotify.com/v1/audio-analysis/7wMq5n8mYSKlQIGECKUgTX,202533,4,81
1Cj2vqUwlJVG27gJrun92y,The Sound of Silence,0.322,0.28,6,-9.367,0,0.0281,0.468,1.1e-06,0.102,0.175,85.794,audio_features,spotify:track:1Cj2vqUwlJVG27gJrun92y,https://api.spotify.com/v1/tracks/1Cj2vqUwlJVG27gJrun92y,https://api.spotify.com/v1/audio-analysis/1Cj2vqUwlJVG27gJrun92y,248467,4,73
0rmGAIH9LNJewFw7nKzZnc,You Give Love A Bad Name,0.541,0.959,0,-2.947,0,0.0505,0.0663,2.18e-06,0.344,0.812,122.805,audio_features,spotify:track:0rmGAIH9LNJewFw7nKzZnc,https://api.spotify.com/v1/tracks/0rmGAIH9LNJewFw7nKzZnc,https://api.spotify.com/v1/audio-analysis/0rmGAIH9LNJewFw7nKzZnc,222707,4,81
7o2CTH4ctstm8TNelqjb51,Sweet Child O' Mine,0.454,0.91,6,-7.766,1,0.0448,0.0866,0.0996,0.116,0.629,125.116,audio_features,spotify:track:7o2CTH4ctstm8TNelqjb51,https://api.spotify.com/v1/tracks/7o2CTH4ctstm8TNelqjb51,https://api.spotify.com/v1/audio-analysis/7o2CTH4ctstm8TNelqjb51,354520,4,12
37ZJ0p5Jm13JPevGcx4SkF,Livin' On A Prayer,0.532,0.887,0,-3.757,1,0.0335,0.0778,0.000206,0.294,0.794,122.509,audio_features,spotify:track:37ZJ0p5Jm13JPevGcx4SkF,https://api.spotify.com/v1/tracks/37ZJ0p5Jm13JPevGcx4SkF,https://api.spotify.com/v1/audio-analysis/37ZJ0p5Jm13JPevGcx4SkF,249293,4,83
3YBZIN3rekqsKxbJc9FZko,Paradise City,0.273,0.952,11,-8.762,1,0.0843,0.0169,0.0111,0.142,0.472,100.271,audio_features,spotify:track:3YBZIN3rekqsKxbJc9FZko,https://api.spotify.com/v1/tracks/3YBZIN3rekqsKxbJc9FZko,https://api.spotify.com/v1/audio-analysis/3YBZIN3rekqsKxbJc9FZko,405640,4,9
6nTiIhLmQ3FWhvrGafw2zj,American Idiot,0.38,0.988,1,-2.042,1,0.0639,2.64e-05,7.86e-05,0.368,0.769,186.113,audio_features,spotify:track:6nTiIhLmQ3FWhvrGafw2zj,https://api.spotify.com/v1/tracks/6nTiIhLmQ3FWhvrGafw2zj,https://api.spotify.com/v1/audio-analysis/6nTiIhLmQ3FWhvrGafw2zj,176346,4,80
3dPQuX8Gs42Y7b454ybpMR,Seven Nation Army,0.743,0.446,4,-7.807,0,0.0683,0.0039,0.118,0.337,0.278,123.596,audio_features,spotify:track:3dPQuX8Gs42Y7b454ybpMR,https://api.spotify.com/v1/tracks/3dPQuX8Gs42Y7b454ybpMR,https://api.spotify.com/v1/audio-analysis/3dPQuX8Gs42Y7b454ybpMR,232107,4,82
3MrRksHupTVEQ7YbA0FsZK,The Final Countdown,0.529,0.843,6,-6.908,0,0.0616,0.0628,0.000827,0.0608,0.188,117.662,audio_features,spotify:track:3MrRksHupTVEQ7YbA0FsZK,https://api.spotify.com/v1/tracks/3MrRksHupTVEQ7YbA0FsZK,https://api.spotify.com/v1/audio-analysis/3MrRksHupTVEQ7YbA0FsZK,310333,4,74
64yrDBpcdwEdNY9loyEGbX,21 Guns,0.268,0.742,5,-4.939,1,0.0355,0.0518,0.0,0.626,0.416,159.779,audio_features,spotify:track:64yrDBpcdwEdNY9loyEGbX,https://api.spotify.com/v1/tracks/64yrDBpcdwEdNY9loyEGbX,https://api.spotify.com/v1/audio-analysis/64yrDBpcdwEdNY9loyEGbX,321093,4,73
48UPSzbZjgc449aqz8bxox,Californication,0.592,0.767,9,-2.788,0,0.027,0.0021,0.00165,0.127,0.328,96.483,audio_features,spotify:track:48UPSzbZjgc449aqz8bxox,https://api.spotify.com/v1/tracks/48UPSzbZjgc449aqz8bxox,https://api.spotify.com/v1/audio-analysis/48UPSzbZjgc449aqz8bxox,329733,4,82
1hlveB9M6ijHZRbzZ2teyh,We're Not Gonna Take It,0.502,0.924,4,-6.299,1,0.0503,0.0127,0.0,0.162,0.922,149.186,audio_features,spotify:track:1hlveB9M6ijHZRbzZ2teyh,https://api.spotify.com/v1/tracks/1hlveB9M6ijHZRbzZ2teyh,https://api.spotify.com/v1/audio-analysis/1hlveB9M6ijHZRbzZ2teyh,219667,4,69
5qqabIl2vWzo9ApSC317sa,Wonderwall - Remastered,0.376,0.896,2,-4.065,1,0.0395,0.000452,0.0,0.194,0.472,174.379,audio_features,spotify:track:5qqabIl2vWzo9ApSC317sa,https://api.spotify.com/v1/tracks/5qqabIl2vWzo9ApSC317sa,https://api.spotify.com/v1/audio-analysis/5qqabIl2vWzo9ApSC317sa,258773,4,78
31AOj9sFz2gM0O3hMARRBx,Losing My Religion,0.666,0.855,9,-5.051,0,0.0295,0.179,1.2e-06,0.0987,0.803,125.639,audio_features,spotify:track:31AOj9sFz2gM0O3hMARRBx,https://api.spotify.com/v1/tracks/31AOj9sFz2gM0O3hMARRBx,https://api.spotify.com/v1/audio-analysis/31AOj9sFz2gM0O3hMARRBx,268427,4,82
68sLf8iqi43JZVw3eOdzwy,Eden,0.441,0.939,0,-3.578,1,0.0385,0.000129,6.63e-05,0.117,0.504,162.999,audio_features,spotify:track:68sLf8iqi43JZVw3eOdzwy,https://api.spotify.com/v1/tracks/68sLf8iqi43JZVw3eOdzwy,https://api.spotify.com/v1/audio-analysis/68sLf8iqi43JZVw3eOdzwy,240333,4,52
7iOSeHfKU2EhSKcX7TbjKG,Blind And Frozen,0.491,0.95,2,-6.719,1,0.059,3.24e-05,1.75e-05,0.0698,0.497,146.007,audio_features,spotify:track:7iOSeHfKU2EhSKcX7TbjKG,https://api.spotify.com/v1/tracks/7iOSeHfKU2EhSKcX7TbjKG,https://api.spotify.com/v1/audio-analysis/7iOSeHfKU2EhSKcX7TbjKG,304596,4,58
003vvx7Niy0yvhvHt4a68B,Mr. Brightside,0.352,0.911,1,-5.23,1,0.0747,0.00121,0.0,0.0995,0.236,148.033,audio_features,spotify:track:003vvx7Niy0yvhvHt4a68B,https://api.spotify.com/v1/tracks/003vvx7Niy0yvhvHt4a68B,https://api.spotify.com/v1/audio-analysis/003vvx7Niy0yvhvHt4a68B,222973,4,85
6PwjJ58I4t7Mae9xfZ9l9v,Somebody Told Me,0.497,0.97,10,-4.851,0,0.0836,9.04e-05,0.000674,0.101,0.689,138.081,audio_features,spotify:track:6PwjJ58I4t7Mae9xfZ9l9v,https://api.spotify.com/v1/tracks/6PwjJ58I4t7Mae9xfZ9l9v,https://api.spotify.com/v1/audio-analysis/6PwjJ58I4t7Mae9xfZ9l9v,197200,4,79
70wYA8oYHoMzhRRkARoMhU,When You Were Young,0.467,0.988,11,-3.313,1,0.112,0.000152,0.0484,0.28,0.321,130.433,audio_features,spotify:track:70wYA8oYHoMzhRRkARoMhU,https://api.spotify.com/v1/tracks/70wYA8oYHoMzhRRkARoMhU,https://api.spotify.com/v1/audio-analysis/70wYA8oYHoMzhRRkARoMhU,220427,4,75
1sTsuZTdANkiFd7T34H3nb,Human,0.557,0.8,10,-8.477,1,0.0601,0.00132,0.0012,0.0906,0.582,135.47,audio_features,spotify:track:1sTsuZTdANkiFd7T34H3nb,https://api.spotify.com/v1/tracks/1sTsuZTdANkiFd7T34H3nb,https://api.spotify.com/v1/audio-analysis/1sTsuZTdANkiFd7T34H3nb,245373,4,73
7EZC6E7UjZe63f1jRmkWxt,Zombie,0.309,0.649,7,-8.994,1,0.035,0.0158,0.00591,0.367,0.312,166.915,audio_features,spotify:track:7EZC6E7UjZe63f1jRmkWxt,https://api.spotify.com/v1/tracks/7EZC6E7UjZe63f1jRmkWxt,https://api.spotify.com/v1/audio-analysis/7EZC6E7UjZe63f1jRmkWxt,306440,4,82
08mG3Y1vljYA6bvDt4Wqkj,Back In Black,0.31,0.7,9,-5.678,1,0.047,0.011,0.00965,0.0828,0.763,188.386,audio_features,spotify:track:08mG3Y1vljYA6bvDt4Wqkj,https://api.spotify.com/v1/tracks/08mG3Y1vljYA6bvDt4Wqkj,https://api.spotify.com/v1/audio-analysis/08mG3Y1vljYA6bvDt4Wqkj,255493,4,83
1lCRw5FEZ1gPDNPzy1K4zW,We Are The Champions - Remastered 2011,0.268,0.459,10,-6.94,1,0.0346,0.378,0.0,0.118,0.175,64.177,audio_features,spotify:track:1lCRw5FEZ1gPDNPzy1K4zW,https://api.spotify.com/v1/tracks/1lCRw5FEZ1gPDNPzy1K4zW,https://api.spotify.com/v1/audio-analysis/1lCRw5FEZ1gPDNPzy1K4zW,179200,4,72
5T8EDUDqKcs6OSOwEsfqG7,Don't Stop Me Now - Remastered 2011,0.559,0.868,5,-5.276,1,0.17,0.0475,0.000176,0.776,0.609,156.295,audio_features,spotify:track:5T8EDUDqKcs6OSOwEsfqG7,https://api.spotify.com/v1/tracks/5T8EDUDqKcs6OSOwEsfqG7,https://api.spotify.com/v1/audio-analysis/5T8EDUDqKcs6OSOwEsfqG7,209413,4,81
